-- VIDEW demo seed
-- Resets and imports sample users, creators, creator requests, videos, ads, analytics, and audit logs.
-- WARNING: demo-only content reset. Do not import this file into a live production database.
-- Demo sign-in credentials:
-- admin@videw.test / Admin@123
-- nadia@videw.test / Creator@123
-- mika@videw.test / Creator@123
-- jordan@videw.test / Premium@123
-- taylor@videw.test / Member@123

SET FOREIGN_KEY_CHECKS = 0;
TRUNCATE TABLE `password_reset_tokens`;
TRUNCATE TABLE `audit_logs`;
TRUNCATE TABLE `video_views`;
TRUNCATE TABLE `creator_applications`;
TRUNCATE TABLE `videos`;
TRUNCATE TABLE `ads`;
TRUNCATE TABLE `users`;
SET FOREIGN_KEY_CHECKS = 1;

INSERT IGNORE INTO `users` (
  `id`,
  `display_name`,
  `creator_display_name`,
  `creator_slug`,
  `creator_bio`,
  `creator_avatar_url`,
  `creator_avatar_path`,
  `creator_avatar_storage_provider`,
  `creator_banner_url`,
  `creator_banner_path`,
  `creator_banner_storage_provider`,
  `email`,
  `password_hash`,
  `role`,
  `status`,
  `birth_date`,
  `adult_confirmed_at`,
  `account_tier`,
  `stripe_customer_id`,
  `stripe_subscription_id`,
  `stripe_subscription_price_id`,
  `stripe_subscription_status`,
  `stripe_current_period_end`,
  `mfa_secret`,
  `mfa_enabled`,
  `mfa_backup_codes_json`,
  `last_login_at`,
  `created_at`,
  `updated_at`
) VALUES
  (
    1001,
    'Alex Mercer',
    NULL,
    NULL,
    NULL,
    NULL,
    NULL,
    NULL,
    NULL,
    NULL,
    NULL,
    'admin@videw.test',
    '$2y$10$rP46iNcGSddlI6W6Bcw9eOqivm327a9ZfL5PHp1pBv0nl/HujqjaK',
    'admin',
    'active',
    '1990-05-11',
    '2026-03-10 10:00:00',
    'premium',
    'cus_demo_admin_001',
    'sub_demo_admin_001',
    'price_demo_premium_monthly',
    'active',
    '2026-05-01 00:00:00',
    NULL,
    0,
    NULL,
    '2026-04-01 09:10:00',
    '2026-03-10 10:00:00',
    '2026-04-01 09:10:00'
  ),
  (
    1002,
    'Nadia Vale',
    'Nadia Vale',
    'nadia-vale',
    'Creator-led channel focused on polished behind-the-scenes drops, quick recaps, and premium releases.',
    NULL,
    NULL,
    NULL,
    NULL,
    NULL,
    NULL,
    'nadia@videw.test',
    '$2y$10$g9CiwsPnPGicog0LWz3i5.t7QKmyqYgg/1QBSsH7ZgJbMT5SdXsOq',
    'creator',
    'active',
    '1996-08-23',
    '2026-03-11 14:12:00',
    'premium',
    'cus_demo_creator_002',
    'sub_demo_creator_002',
    'price_demo_premium_monthly',
    'active',
    '2026-05-05 00:00:00',
    NULL,
    0,
    NULL,
    '2026-04-01 21:15:00',
    '2026-03-11 14:12:00',
    '2026-04-01 21:15:00'
  ),
  (
    1003,
    'Mika Shore',
    'Mika Shore',
    'mika-shore',
    'Short-form creator publishing free previews, release notes, and creator commentary.',
    NULL,
    NULL,
    NULL,
    NULL,
    NULL,
    NULL,
    'mika@videw.test',
    '$2y$10$g9CiwsPnPGicog0LWz3i5.t7QKmyqYgg/1QBSsH7ZgJbMT5SdXsOq',
    'creator',
    'active',
    '1998-02-14',
    '2026-03-12 08:40:00',
    'free',
    NULL,
    NULL,
    NULL,
    NULL,
    NULL,
    NULL,
    0,
    NULL,
    '2026-04-01 19:42:00',
    '2026-03-12 08:40:00',
    '2026-04-01 19:42:00'
  ),
  (
    1004,
    'Atelier Twenty',
    'Atelier Twenty',
    'atelier-twenty',
    'Small production channel mixing premium sets, interviews, and workflow-driven catalog releases.',
    NULL,
    NULL,
    NULL,
    NULL,
    NULL,
    NULL,
    'atelier@videw.test',
    '$2y$10$g9CiwsPnPGicog0LWz3i5.t7QKmyqYgg/1QBSsH7ZgJbMT5SdXsOq',
    'creator',
    'active',
    '1992-11-05',
    '2026-03-13 11:20:00',
    'premium',
    'cus_demo_creator_004',
    'sub_demo_creator_004',
    'price_demo_premium_monthly',
    'active',
    '2026-05-10 00:00:00',
    NULL,
    0,
    NULL,
    '2026-03-31 16:08:00',
    '2026-03-13 11:20:00',
    '2026-03-31 16:08:00'
  ),
  (
    1005,
    'Platform Lab',
    'Platform Lab',
    'platform-lab',
    'Editorial and documentary-style channel showing launch updates, product storytelling, and premium archives.',
    NULL,
    NULL,
    NULL,
    NULL,
    NULL,
    NULL,
    'lab@videw.test',
    '$2y$10$g9CiwsPnPGicog0LWz3i5.t7QKmyqYgg/1QBSsH7ZgJbMT5SdXsOq',
    'creator',
    'active',
    '1994-01-30',
    '2026-03-13 17:55:00',
    'free',
    NULL,
    NULL,
    NULL,
    NULL,
    NULL,
    NULL,
    0,
    NULL,
    '2026-04-01 08:30:00',
    '2026-03-13 17:55:00',
    '2026-04-01 08:30:00'
  ),
  (
    1006,
    'Jordan Fox',
    NULL,
    NULL,
    NULL,
    NULL,
    NULL,
    NULL,
    NULL,
    NULL,
    NULL,
    'jordan@videw.test',
    '$2y$10$nY9rvMu875/dLvgFGwT4ve97p3lhelNbCsJRSpUScUVgcUdPSAKbK',
    'member',
    'active',
    '1993-09-16',
    '2026-03-14 09:00:00',
    'premium',
    'cus_demo_member_006',
    'sub_demo_member_006',
    'price_demo_premium_monthly',
    'active',
    '2026-05-08 00:00:00',
    NULL,
    0,
    NULL,
    '2026-04-01 22:01:00',
    '2026-03-14 09:00:00',
    '2026-04-01 22:01:00'
  ),
  (
    1007,
    'Taylor Reed',
    NULL,
    NULL,
    NULL,
    NULL,
    NULL,
    NULL,
    NULL,
    NULL,
    NULL,
    'taylor@videw.test',
    '$2y$10$UzaPv2D.ljADZaONtLIR8.AgzzqTW8MGZOwZArC1.C/nAVf45CBSe',
    'member',
    'active',
    '1999-04-02',
    '2026-03-14 09:30:00',
    'free',
    NULL,
    NULL,
    NULL,
    NULL,
    NULL,
    NULL,
    0,
    NULL,
    '2026-04-01 18:20:00',
    '2026-03-14 09:30:00',
    '2026-04-01 18:20:00'
  ),
  (
    1008,
    'Riley Hart',
    NULL,
    NULL,
    NULL,
    NULL,
    NULL,
    NULL,
    NULL,
    NULL,
    NULL,
    'riley@videw.test',
    '$2y$10$UzaPv2D.ljADZaONtLIR8.AgzzqTW8MGZOwZArC1.C/nAVf45CBSe',
    'member',
    'active',
    '1997-06-21',
    '2026-03-15 10:15:00',
    'free',
    NULL,
    NULL,
    NULL,
    NULL,
    NULL,
    NULL,
    0,
    NULL,
    '2026-03-31 14:44:00',
    '2026-03-15 10:15:00',
    '2026-03-31 14:44:00'
  ),
  (
    1009,
    'Casey Bloom',
    NULL,
    NULL,
    NULL,
    NULL,
    NULL,
    NULL,
    NULL,
    NULL,
    NULL,
    'casey@videw.test',
    '$2y$10$UzaPv2D.ljADZaONtLIR8.AgzzqTW8MGZOwZArC1.C/nAVf45CBSe',
    'member',
    'active',
    '1995-07-09',
    '2026-03-16 12:20:00',
    'free',
    NULL,
    NULL,
    NULL,
    NULL,
    NULL,
    NULL,
    0,
    NULL,
    '2026-03-30 17:11:00',
    '2026-03-16 12:20:00',
    '2026-03-30 17:11:00'
  ),
  (
    1010,
    'Morgan Pike',
    NULL,
    NULL,
    NULL,
    NULL,
    NULL,
    NULL,
    NULL,
    NULL,
    NULL,
    'morgan@videw.test',
    '$2y$10$UzaPv2D.ljADZaONtLIR8.AgzzqTW8MGZOwZArC1.C/nAVf45CBSe',
    'member',
    'suspended',
    '1991-12-18',
    '2026-03-16 13:00:00',
    'free',
    NULL,
    NULL,
    NULL,
    NULL,
    NULL,
    NULL,
    0,
    NULL,
    '2026-03-22 09:03:00',
    '2026-03-16 13:00:00',
    '2026-03-22 09:03:00'
  );

INSERT IGNORE INTO `creator_applications` (
  `id`,
  `user_id`,
  `requested_display_name`,
  `requested_slug`,
  `requested_bio`,
  `status`,
  `review_notes`,
  `reviewed_at`,
  `created_at`,
  `updated_at`
) VALUES
  (
    3001,
    1002,
    'Nadia Vale',
    'nadia-vale',
    'Creator-led channel focused on polished behind-the-scenes drops, quick recaps, and premium releases.',
    'approved',
    'Approved as part of the demo launch setup.',
    '2026-03-11 15:00:00',
    '2026-03-11 14:30:00',
    '2026-03-11 15:00:00'
  ),
  (
    3002,
    1004,
    'Atelier Twenty',
    'atelier-twenty',
    'Small production channel mixing premium sets, interviews, and workflow-driven catalog releases.',
    'approved',
    'Approved with the first creator batch.',
    '2026-03-13 12:15:00',
    '2026-03-13 11:40:00',
    '2026-03-13 12:15:00'
  ),
  (
    3003,
    1008,
    'Riley Hart',
    'riley-hart',
    'Requesting creator access for a documentary-style channel with tutorials and premium edits.',
    'pending',
    NULL,
    NULL,
    '2026-03-28 16:10:00',
    '2026-03-28 16:10:00'
  ),
  (
    3004,
    1009,
    'Casey Bloom',
    'casey-bloom',
    'Requested creator access for experimental edits and short preview releases.',
    'rejected',
    'Please add a clearer channel bio and resubmit with a more descriptive first-release plan.',
    '2026-03-26 10:20:00',
    '2026-03-25 18:45:00',
    '2026-03-26 10:20:00'
  );

INSERT IGNORE INTO `videos` (
  `id`,
  `slug`,
  `title`,
  `synopsis`,
  `creator_user_id`,
  `creator_name`,
  `category`,
  `access_level`,
  `duration_minutes`,
  `poster_tone`,
  `poster_url`,
  `poster_path`,
  `poster_storage_provider`,
  `poster_focus_x`,
  `poster_focus_y`,
  `video_url`,
  `file_path`,
  `trailer_url`,
  `embed_url`,
  `mime_type`,
  `original_source_url`,
  `source_type`,
  `storage_provider`,
  `is_featured`,
  `moderation_status`,
  `moderation_reason`,
  `moderation_notes`,
  `published_at`,
  `deleted_at`,
  `created_at`,
  `updated_at`
) VALUES
  (
    2001,
    'creator-spotlight-issue-01',
    'Creator Spotlight 01',
    'A short free spotlight introducing the channel, release rhythm, and creator point of view.',
    1003,
    'Mika Shore',
    'Creator Spotlight',
    'free',
    12,
    3,
    NULL,
    NULL,
    NULL,
    50,
    42,
    'https://commondatastorage.googleapis.com/gtv-videos-bucket/sample/ForBiggerFun.mp4',
    NULL,
    NULL,
    NULL,
    'video/mp4',
    'https://commondatastorage.googleapis.com/gtv-videos-bucket/sample/ForBiggerFun.mp4',
    'external_file',
    'external',
    1,
    'approved',
    NULL,
    NULL,
    '2026-03-29 09:00:00',
    NULL,
    '2026-03-29 09:00:00',
    '2026-03-29 09:00:00'
  ),
  (
    2002,
    'rooftop-session-one',
    'Rooftop Session One',
    'A polished Premium release used to simulate a featured catalog highlight with gated playback.',
    1002,
    'Nadia Vale',
    'Premium Drops',
    'premium',
    36,
    0,
    NULL,
    NULL,
    NULL,
    50,
    38,
    'https://commondatastorage.googleapis.com/gtv-videos-bucket/sample/ElephantsDream.mp4',
    NULL,
    NULL,
    NULL,
    'video/mp4',
    'https://commondatastorage.googleapis.com/gtv-videos-bucket/sample/ElephantsDream.mp4',
    'external_file',
    'external',
    1,
    'approved',
    NULL,
    NULL,
    '2026-03-28 19:30:00',
    NULL,
    '2026-03-28 19:30:00',
    '2026-03-28 19:30:00'
  ),
  (
    2003,
    'atlas-cut-berlin-notes',
    'Atlas Cut: Berlin Notes',
    'Premium catalog release with a documentary angle and a longer runtime for subscribed members.',
    1004,
    'Atelier Twenty',
    'Documentary',
    'premium',
    47,
    2,
    NULL,
    NULL,
    NULL,
    50,
    45,
    'https://commondatastorage.googleapis.com/gtv-videos-bucket/sample/BigBuckBunny.mp4',
    NULL,
    NULL,
    NULL,
    'video/mp4',
    'https://commondatastorage.googleapis.com/gtv-videos-bucket/sample/BigBuckBunny.mp4',
    'external_file',
    'external',
    1,
    'approved',
    NULL,
    NULL,
    '2026-03-27 21:15:00',
    NULL,
    '2026-03-27 21:15:00',
    '2026-03-27 21:15:00'
  ),
  (
    2004,
    'build-log-episode-02',
    'Build Log Episode 02',
    'Free episode sharing how a creator release is prepared, reviewed, and published on the platform.',
    1005,
    'Platform Lab',
    'Workflow',
    'free',
    18,
    1,
    NULL,
    NULL,
    NULL,
    50,
    50,
    'https://commondatastorage.googleapis.com/gtv-videos-bucket/sample/ForBiggerBlazes.mp4',
    NULL,
    NULL,
    NULL,
    'video/mp4',
    'https://commondatastorage.googleapis.com/gtv-videos-bucket/sample/ForBiggerBlazes.mp4',
    'external_file',
    'external',
    0,
    'approved',
    NULL,
    NULL,
    '2026-03-26 11:00:00',
    NULL,
    '2026-03-26 11:00:00',
    '2026-03-26 11:00:00'
  ),
  (
    2005,
    'after-hours-q-and-a',
    'After Hours Q&A',
    'Free Q&A drop that keeps the homepage varied and gives the watch page a lighter public example.',
    1002,
    'Nadia Vale',
    'Interviews',
    'free',
    15,
    0,
    NULL,
    NULL,
    NULL,
    50,
    40,
    NULL,
    NULL,
    NULL,
    'https://www.youtube.com/embed/aqz-KE-bpKQ',
    'text/html',
    'https://www.youtube.com/watch?v=aqz-KE-bpKQ',
    'embed',
    'external',
    0,
    'approved',
    NULL,
    NULL,
    '2026-03-24 20:05:00',
    NULL,
    '2026-03-24 20:05:00',
    '2026-03-24 20:05:00'
  ),
  (
    2006,
    'members-cut-vol-03',
    'Members Cut Vol. 03',
    'Premium-only release used to simulate a private library item for active subscribers.',
    1004,
    'Atelier Twenty',
    'Members',
    'premium',
    29,
    2,
    NULL,
    NULL,
    NULL,
    48,
    46,
    'https://commondatastorage.googleapis.com/gtv-videos-bucket/sample/ForBiggerEscape.mp4',
    NULL,
    NULL,
    NULL,
    'video/mp4',
    'https://commondatastorage.googleapis.com/gtv-videos-bucket/sample/ForBiggerEscape.mp4',
    'external_file',
    'external',
    0,
    'approved',
    NULL,
    NULL,
    '2026-03-23 18:45:00',
    NULL,
    '2026-03-23 18:45:00',
    '2026-03-23 18:45:00'
  ),
  (
    2007,
    'studio-notes-pilot',
    'Studio Notes Pilot',
    'A free public pilot episode that helps demonstrate mixed source types in the catalog.',
    1003,
    'Mika Shore',
    'Behind the Scenes',
    'free',
    10,
    3,
    NULL,
    NULL,
    NULL,
    50,
    44,
    'https://commondatastorage.googleapis.com/gtv-videos-bucket/sample/ForBiggerJoyrides.mp4',
    NULL,
    NULL,
    NULL,
    'video/mp4',
    'https://commondatastorage.googleapis.com/gtv-videos-bucket/sample/ForBiggerJoyrides.mp4',
    'external_file',
    'external',
    0,
    'approved',
    NULL,
    NULL,
    '2026-03-21 09:40:00',
    NULL,
    '2026-03-21 09:40:00',
    '2026-03-21 09:40:00'
  ),
  (
    2008,
    'process-journal-04',
    'Process Journal 04',
    'Premium release that makes the catalog feel more complete for subscribed accounts.',
    1005,
    'Platform Lab',
    'Workflow',
    'premium',
    24,
    1,
    NULL,
    NULL,
    NULL,
    52,
    48,
    'https://commondatastorage.googleapis.com/gtv-videos-bucket/sample/Sintel.mp4',
    NULL,
    NULL,
    NULL,
    'video/mp4',
    'https://commondatastorage.googleapis.com/gtv-videos-bucket/sample/Sintel.mp4',
    'external_file',
    'external',
    0,
    'approved',
    NULL,
    NULL,
    '2026-03-19 17:10:00',
    NULL,
    '2026-03-19 17:10:00',
    '2026-03-19 17:10:00'
  ),
  (
    2009,
    'channel-trailer-nadia',
    'Channel Trailer: Nadia',
    'Short free trailer used on the creator channel as an easy public entry point.',
    1002,
    'Nadia Vale',
    'Trailers',
    'free',
    8,
    0,
    NULL,
    NULL,
    NULL,
    50,
    35,
    'https://commondatastorage.googleapis.com/gtv-videos-bucket/sample/ForBiggerMeltdowns.mp4',
    NULL,
    NULL,
    NULL,
    'video/mp4',
    'https://commondatastorage.googleapis.com/gtv-videos-bucket/sample/ForBiggerMeltdowns.mp4',
    'external_file',
    'external',
    0,
    'approved',
    NULL,
    NULL,
    '2026-03-18 13:25:00',
    NULL,
    '2026-03-18 13:25:00',
    '2026-03-18 13:25:00'
  ),
  (
    2010,
    'frame-study-collection',
    'Frame Study Collection',
    'Premium archive release used to pad the library, category mix, and creator analytics.',
    1004,
    'Atelier Twenty',
    'Archive',
    'premium',
    33,
    2,
    NULL,
    NULL,
    NULL,
    50,
    50,
    'https://commondatastorage.googleapis.com/gtv-videos-bucket/sample/TearsOfSteel.mp4',
    NULL,
    NULL,
    NULL,
    'video/mp4',
    'https://commondatastorage.googleapis.com/gtv-videos-bucket/sample/TearsOfSteel.mp4',
    'external_file',
    'external',
    0,
    'approved',
    NULL,
    NULL,
    '2026-03-16 22:00:00',
    NULL,
    '2026-03-16 22:00:00',
    '2026-03-16 22:00:00'
  ),
  (
    2011,
    'launch-week-recap',
    'Launch Week Recap',
    'Free recap clip that makes the front page and browse results feel more active on a fresh install.',
    1005,
    'Platform Lab',
    'Updates',
    'free',
    11,
    1,
    NULL,
    NULL,
    NULL,
    50,
    46,
    'https://commondatastorage.googleapis.com/gtv-videos-bucket/sample/SubaruOutbackOnStreetAndDirt.mp4',
    NULL,
    NULL,
    NULL,
    'video/mp4',
    'https://commondatastorage.googleapis.com/gtv-videos-bucket/sample/SubaruOutbackOnStreetAndDirt.mp4',
    'external_file',
    'external',
    0,
    'approved',
    NULL,
    NULL,
    '2026-03-15 12:05:00',
    NULL,
    '2026-03-15 12:05:00',
    '2026-03-15 12:05:00'
  ),
  (
    2012,
    'creator-workbench-tour',
    'Creator Workbench Tour',
    'Free creator-focused tour video that rounds out the public catalog and browse page.',
    1003,
    'Mika Shore',
    'Studio Tour',
    'free',
    9,
    3,
    NULL,
    NULL,
    NULL,
    50,
    40,
    NULL,
    NULL,
    NULL,
    'https://player.vimeo.com/video/76979871',
    'text/html',
    'https://vimeo.com/76979871',
    'embed',
    'external',
    0,
    'approved',
    NULL,
    NULL,
    '2026-03-12 14:30:00',
    NULL,
    '2026-03-12 14:30:00',
    '2026-03-12 14:30:00'
  ),
  (
    2013,
    'private-rough-cut',
    'Private Rough Cut',
    'Creator draft waiting for review before it becomes visible to the public library.',
    1002,
    'Nadia Vale',
    'Premium Drops',
    'premium',
    22,
    0,
    NULL,
    NULL,
    NULL,
    50,
    50,
    'https://commondatastorage.googleapis.com/gtv-videos-bucket/sample/VolkswagenGTIReview.mp4',
    NULL,
    NULL,
    NULL,
    'video/mp4',
    'https://commondatastorage.googleapis.com/gtv-videos-bucket/sample/VolkswagenGTIReview.mp4',
    'external_file',
    'external',
    0,
    'draft',
    'manual_hold',
    'Waiting for moderator review.',
    NULL,
    NULL,
    '2026-03-31 10:20:00',
    '2026-03-31 10:20:00'
  ),
  (
    2014,
    'queued-release-episode-05',
    'Queued Release Episode 05',
    'Another queued creator submission so the moderation queue is populated on first demo import.',
    1003,
    'Mika Shore',
    'Workflow',
    'free',
    13,
    3,
    NULL,
    NULL,
    NULL,
    50,
    50,
    'https://commondatastorage.googleapis.com/gtv-videos-bucket/sample/WeAreGoingOnBullrun.mp4',
    NULL,
    NULL,
    NULL,
    'video/mp4',
    'https://commondatastorage.googleapis.com/gtv-videos-bucket/sample/WeAreGoingOnBullrun.mp4',
    'external_file',
    'external',
    0,
    'draft',
    'media_fix',
    'Queued from the creator studio for approval.',
    NULL,
    NULL,
    '2026-03-31 14:05:00',
    '2026-03-31 14:05:00'
  ),
  (
    2015,
    'moderation-hold-sample',
    'Moderation Hold Sample',
    'Flagged sample item used to simulate moderation notes and review workflows in the admin panel.',
    1005,
    'Platform Lab',
    'Archive',
    'premium',
    19,
    1,
    NULL,
    NULL,
    NULL,
    50,
    50,
    'https://commondatastorage.googleapis.com/gtv-videos-bucket/sample/ForBiggerJoyrides.mp4',
    NULL,
    NULL,
    NULL,
    'video/mp4',
    'https://commondatastorage.googleapis.com/gtv-videos-bucket/sample/ForBiggerJoyrides.mp4',
    'external_file',
    'external',
    0,
    'flagged',
    'policy_review',
    'Needs a final review note before approval.',
    NULL,
    NULL,
    '2026-03-30 16:40:00',
    '2026-03-30 16:40:00'
  );

INSERT INTO `ads` (
  `id`,
  `slot_key`,
  `ad_type`,
  `is_active`,
  `title`,
  `body_text`,
  `click_url`,
  `image_url`,
  `image_path`,
  `image_storage_provider`,
  `video_url`,
  `video_path`,
  `video_storage_provider`,
  `video_mime_type`,
  `vast_tag_url`,
  `skip_after_seconds`,
  `script_code`,
  `created_at`,
  `updated_at`
) VALUES
  (
    6001,
    'home_sidebar',
    'text',
    1,
    'Creator tools sponsor',
    'Demo partner placement used to show a filled homepage promo slot without depending on uploaded assets.',
    'https://example.com/videw-demo-home',
    NULL,
    NULL,
    NULL,
    NULL,
    NULL,
    NULL,
    NULL,
    NULL,
    5,
    NULL,
    '2026-03-18 08:45:00',
    '2026-03-18 08:45:00'
  ),
  (
    6002,
    'browse_inline',
    'text',
    1,
    'Featured partner message',
    'Wide demo ad slot that keeps the browse experience looking populated on fresh installs.',
    'https://example.com/videw-demo-browse',
    NULL,
    NULL,
    NULL,
    NULL,
    NULL,
    NULL,
    NULL,
    NULL,
    5,
    NULL,
    '2026-03-18 08:47:00',
    '2026-03-18 08:47:00'
  ),
  (
    6003,
    'watch_sidebar',
    'image',
    1,
    'Watch page sponsor',
    NULL,
    'https://example.com/videw-demo-watch',
    'https://placehold.co/600x500/111111/f5b301.png?text=VIDEW+Watch+Sponsor',
    NULL,
    NULL,
    NULL,
    NULL,
    NULL,
    NULL,
    NULL,
    5,
    NULL,
    '2026-03-18 08:50:00',
    '2026-03-18 08:50:00'
  ),
  (
    6004,
    'watch_preroll_video',
    'video',
    1,
    'Pre-roll demo video',
    NULL,
    'https://example.com/videw-demo-preroll-video',
    NULL,
    NULL,
    NULL,
    'https://commondatastorage.googleapis.com/gtv-videos-bucket/sample/ForBiggerEscape.mp4',
    NULL,
    'external',
    'video/mp4',
    NULL,
    5,
    NULL,
    '2026-03-18 08:55:00',
    '2026-03-18 08:55:00'
  ),
  (
    6005,
    'watch_preroll_embed',
    'image',
    1,
    'Embed pre-roll sponsor',
    NULL,
    'https://example.com/videw-demo-preroll-embed',
    'https://placehold.co/1280x720/111111/f5b301.png?text=VIDEW+Embed+Sponsor',
    NULL,
    NULL,
    NULL,
    NULL,
    NULL,
    NULL,
    NULL,
    5,
    NULL,
    '2026-03-18 08:56:00',
    '2026-03-18 08:56:00'
  ),
  (
    6006,
    'premium_inline',
    'text',
    1,
    'Membership partner placement',
    'Demo sponsor slot for the Premium page so pricing screens feel fully configured on first import.',
    'https://example.com/videw-demo-premium',
    NULL,
    NULL,
    NULL,
    NULL,
    NULL,
    NULL,
    NULL,
    NULL,
    5,
    NULL,
    '2026-03-18 08:58:00',
    '2026-03-18 08:58:00'
  ),
  (
    6007,
    'support_inline',
    'text',
    1,
    'Support sponsor',
    'Demo cross-promo used to show that support and utility pages can also carry managed ad inventory.',
    'https://example.com/videw-demo-support',
    NULL,
    NULL,
    NULL,
    NULL,
    NULL,
    NULL,
    NULL,
    NULL,
    5,
    NULL,
    '2026-03-18 09:00:00',
    '2026-03-18 09:00:00'
  );

INSERT IGNORE INTO `video_views` (
  `id`,
  `video_id`,
  `creator_user_id`,
  `viewer_user_id`,
  `session_key`,
  `viewed_on`,
  `created_at`
) VALUES
  (4001, 2001, 1003, 1006, REPEAT('a', 64), '2026-03-20', '2026-03-20 10:05:00'),
  (4002, 2001, 1003, 1007, REPEAT('b', 64), '2026-03-24', '2026-03-24 09:40:00'),
  (4003, 2001, 1003, NULL, REPEAT('c', 64), '2026-03-29', '2026-03-29 15:12:00'),
  (4004, 2002, 1002, 1006, REPEAT('d', 64), '2026-03-28', '2026-03-28 21:10:00'),
  (4005, 2002, 1002, 1001, REPEAT('e', 64), '2026-03-29', '2026-03-29 08:25:00'),
  (4006, 2003, 1004, 1006, REPEAT('f', 64), '2026-03-28', '2026-03-28 22:05:00'),
  (4007, 2003, 1004, NULL, REPEAT('1', 64), '2026-03-30', '2026-03-30 18:32:00'),
  (4008, 2004, 1005, 1007, REPEAT('2', 64), '2026-03-26', '2026-03-26 11:20:00'),
  (4009, 2004, 1005, NULL, REPEAT('3', 64), '2026-03-27', '2026-03-27 14:12:00'),
  (4010, 2005, 1002, 1007, REPEAT('4', 64), '2026-03-24', '2026-03-24 20:25:00'),
  (4011, 2005, 1002, NULL, REPEAT('5', 64), '2026-03-25', '2026-03-25 09:05:00'),
  (4012, 2006, 1004, 1006, REPEAT('6', 64), '2026-03-23', '2026-03-23 19:18:00'),
  (4013, 2006, 1004, 1001, REPEAT('7', 64), '2026-03-24', '2026-03-24 07:40:00'),
  (4014, 2007, 1003, 1007, REPEAT('8', 64), '2026-03-21', '2026-03-21 10:18:00'),
  (4015, 2007, 1003, NULL, REPEAT('9', 64), '2026-03-22', '2026-03-22 16:28:00'),
  (4016, 2008, 1005, 1006, REPEAT('0', 64), '2026-03-19', '2026-03-19 18:40:00'),
  (4017, 2009, 1002, 1007, REPEAT('ab', 32), '2026-03-18', '2026-03-18 13:50:00'),
  (4018, 2010, 1004, 1006, REPEAT('cd', 32), '2026-03-17', '2026-03-17 21:15:00'),
  (4019, 2011, 1005, NULL, REPEAT('ef', 32), '2026-03-15', '2026-03-15 12:30:00'),
  (4020, 2012, 1003, 1007, REPEAT('12', 32), '2026-03-13', '2026-03-13 15:02:00'),
  (4021, 2001, 1003, NULL, REPEAT('13', 32), '2026-03-31', '2026-03-31 20:16:00'),
  (4022, 2002, 1002, 1006, REPEAT('14', 32), '2026-03-31', '2026-03-31 21:02:00'),
  (4023, 2004, 1005, NULL, REPEAT('15', 32), '2026-04-01', '2026-04-01 09:30:00'),
  (4024, 2007, 1003, 1007, REPEAT('16', 32), '2026-04-01 18:10:00', '2026-04-01 18:10:00');

INSERT IGNORE INTO `audit_logs` (
  `id`,
  `actor_user_id`,
  `action`,
  `target_type`,
  `target_id`,
  `summary`,
  `metadata_json`,
  `created_at`
) VALUES
  (
    5001,
    1001,
    'storage.saved',
    'settings',
    NULL,
    'Updated storage settings.',
    JSON_OBJECT('driver', 'local', 'private_bucket', 0),
    '2026-03-18 09:00:00'
  ),
  (
    5002,
    1001,
    'billing.saved',
    'settings',
    NULL,
    'Updated payment settings.',
    JSON_OBJECT('plan_name', 'Premium', 'price_id', 'price_demo_premium_monthly'),
    '2026-03-18 09:10:00'
  ),
  (
    5003,
    1001,
    'creator.reviewed',
    'creator_application',
    3001,
    'Reviewed a creator request.',
    JSON_OBJECT('status', 'approved', 'user_id', 1002),
    '2026-03-11 15:00:00'
  ),
  (
    5004,
    1001,
    'creator.reviewed',
    'creator_application',
    3004,
    'Reviewed a creator request.',
    JSON_OBJECT('status', 'rejected', 'user_id', 1009),
    '2026-03-26 10:20:00'
  ),
  (
    5011,
    1001,
    'ad.saved',
    'ad_slot',
    NULL,
    'Configured homepage and browse demo ad slots.',
    JSON_OBJECT('slot_key', 'home_sidebar', 'ad_type', 'text'),
    '2026-03-18 09:35:00'
  ),
  (
    5012,
    1001,
    'ad.saved',
    'ad_slot',
    NULL,
    'Configured watch and premium demo ad slots.',
    JSON_OBJECT('slot_key', 'watch_preroll_video', 'ad_type', 'video'),
    '2026-03-18 09:38:00'
  ),
  (
    5005,
    1002,
    'creator.video_created',
    'video',
    2013,
    'Creator submitted a new video.',
    JSON_OBJECT('title', 'Private Rough Cut'),
    '2026-03-31 10:20:00'
  ),
  (
    5006,
    1003,
    'creator.video_created',
    'video',
    2014,
    'Creator submitted a new video.',
    JSON_OBJECT('title', 'Queued Release Episode 05'),
    '2026-03-31 14:05:00'
  ),
  (
    5007,
    1005,
    'creator.profile_updated',
    'user',
    1005,
    'Creator updated channel profile.',
    JSON_OBJECT('slug', 'platform-lab'),
    '2026-03-29 08:30:00'
  ),
  (
    5008,
    1001,
    'app.saved',
    'settings',
    NULL,
    'Updated site settings.',
    JSON_OBJECT('app_name', 'VIDEW'),
    '2026-03-18 09:20:00'
  ),
  (
    5009,
    1001,
    'copy.saved',
    'settings',
    NULL,
    'Updated public text settings.',
    JSON_OBJECT('sections', 8, 'fields', 40),
    '2026-03-18 09:25:00'
  ),
  (
    5010,
    1001,
    'legal.saved',
    'settings',
    NULL,
    'Updated legal pages, footer links, and cookie notice settings.',
    JSON_OBJECT('cookie_notice_enabled', 1),
    '2026-03-18 09:28:00'
  );
